INSERT INTO session (id, theater, canonical, date, name, reservationEndDate)
VALUES
  (1, 1, 'existing-session_1', '2000-01-01 20:30:00', 'Existing session', '2000-01-01 00:00:00'),
  (2, 2, 'existing-session_2', '2100-01-02 20:30:00', 'Existing session', '2100-01-02 00:00:00'),
  (3, 1, 'existing-session_3', '2100-01-03 20:30:00', 'Existing session', '2100-01-03 00:00:00'),
  (4, 2, 'existing-session_4', '2100-01-04 20:30:00', 'Existing session', '2100-01-04 00:00:00'),
  (5, 1, 'existing-session_5', '2100-01-05 20:30:00', 'Existing session', '2100-01-05 00:00:00'),
  (6, 2, 'another-session_1', '2100-01-06 20:30:00', 'Another session', '2100-01-06 00:00:00'),
  (7, 1, 'another-session_2', '2100-01-07 20:30:00', 'Another session', '2100-01-07 00:00:00'),
  (8, 2, 'another-session_3', '2100-01-08 20:30:00', 'Another session', '2100-01-08 00:00:00'),
  (9, 1, 'another-session_4', '2100-01-09 20:30:00', 'Another session', '2100-01-09 00:00:00'),
  (10, 2, 'another-session_5', '2100-01-10 20:30:00', 'Another session', '2100-01-10 00:00:00'),
  (11, 1, 'this-session_1', '2100-02-01 15:30:00', 'This session', '2100-02-01:00:00'),
  (12, 2, 'this-session_2', '2100-02-01 16:30:00', 'This session', '2100-02-01 00:00:00'),
  (13, 1, 'this-session_3', '2100-02-01 17:30:00', 'This session', '2100-02-01 00:00:00'),
  (14, 2, 'this-session_4', '2100-02-01 18:30:00', 'This session', '2100-02-01 00:00:00'),
  (15, 1, 'this-session_5', '2100-02-01 19:30:00', 'This session', '2100-02-01 00:00:00'),
  (16, 2, 'this-session_6', '2100-03-01 20:00:00', 'This session', '2100-03-01 00:00:00'),
  (17, 1, 'this-session_7', '2100-03-01 20:30:00', 'This session', '2100-03-01 00:00:00'),
  (18, 2, 'this-session_8', '2100-03-02 20:00:00', 'This session', '2100-03-02 00:00:00'),
  (19, 1, 'this-session_9', '2100-03-02 20:30:00', 'This session', '2100-03-02 00:00:00'),
  (20, 2, 'this-session_10', '2100-03-03 20:30:00', 'This session', '2100-03-03 00:00:00'),
  (21, 1, 'final-session_1', '2100-04-01 20:30:00', 'Final session', '2100-04-01 00:00:00'),
  (22, 2, 'final-session_2', '2100-04-02 20:30:00', 'Final session', '2100-04-02 00:00:00'),
  (23, 1, 'final-session_3', '2100-04-03 20:30:00', 'Final session', '2100-04-03 00:00:00'),
  (24, 2, 'final-session_4', '2100-04-04 20:30:00', 'Final session', '2100-04-04 00:00:00'),
  (25, 1, 'final-session_5', '2100-04-05 20:30:00', 'Final session', '2100-04-05 00:00:00'),
  (26, 2, 'final-session_6', '2100-05-01 15:30:00', 'Final session', '2100-05-01 00:00:00'),
  (27, 1, 'final-session_7', '2100-05-01 16:30:00', 'Final session', '2100-05-01 00:00:00'),
  (28, 2, 'final-session_8', '2100-05-01 17:30:00', 'Final session', '2100-05-01 00:00:00'),
  (29, 1, 'final-session_9', '2100-05-01 18:30:00', 'Final session', '2100-05-01 00:00:00'),
  (30, 2, 'final-session_10', '2000-05-01 19:30:00', 'Final session', '2000-05-01 00:00:00')
;

INSERT INTO session_show (session, shows, num)
VALUES
  (1, 1, 1), (1, 4, 2), (1, 3, 3),
  (2, 1, 1), (2, 4, 2), (2, 3, 3),
  (3, 1, 1), (3, 4, 2), (3, 3, 3),
  (4, 1, 1), (4, 4, 2), (4, 3, 3),
  (5, 1, 1), (5, 4, 2), (5, 3, 3),
  (6, 1, 1), (6, 4, 2),
  (7, 1, 1), (7, 4, 2),
  (8, 1, 1), (8, 4, 2),
  (9, 1, 1), (9, 4, 2),
  (10, 1, 1), (10, 4, 2),
  (11, 3, 1),
  (12, 3, 1),
  (13, 3, 1),
  (14, 3, 1),
  (15, 3, 1),
  (16, 3, 1),
  (17, 3, 1),
  (18, 3, 1),
  (19, 3, 1),
  (20, 3, 1),
  (21, 2, 1),
  (22, 2, 1),
  (23, 2, 1),
  (24, 2, 1),
  (25, 2, 1),
  (26, 2, 1),
  (27, 2, 1),
  (28, 2, 1),
  (29, 2, 1),
  (30, 1, 1), (30, 4, 2), (30, 3, 3), (30, 2, 4)
;


-- Not useful for search, but needed to respect rules.
INSERT INTO session_price (session, name, price, cases)
VALUES
  (1, 'First price', 10, NULL),
  (2, 'First price', 10, NULL),
  (3, 'First price', 10, NULL),
  (4, 'First price', 10, NULL),
  (5, 'First price', 10, NULL),
  (6, 'First price', 10, NULL),
  (7, 'First price', 10, NULL),
  (8, 'First price', 10, NULL),
  (9, 'First price', 10, NULL),
  (10, 'First price', 10, NULL),
  (11, 'First price', 10, NULL),
  (12, 'First price', 10, NULL),
  (13, 'First price', 10, NULL),
  (14, 'First price', 10, NULL),
  (15, 'First price', 10, NULL),
  (16, 'First price', 10, NULL),
  (17, 'First price', 10, NULL),
  (18, 'First price', 10, NULL),
  (19, 'First price', 10, NULL),
  (20, 'First price', 10, NULL),
  (21, 'First price', 10, NULL),
  (22, 'First price', 10, NULL),
  (23, 'First price', 10, NULL),
  (24, 'First price', 10, NULL),
  (25, 'First price', 10, NULL),
  (26, 'First price', 10, NULL),
  (27, 'First price', 10, NULL),
  (28, 'First price', 10, NULL),
  (29, 'First price', 10, NULL),
  (30, 'First price', 10, NULL)
;